Criterion,Weight
Elapsed Time,0.5555555555555556
Throughput,0.31313131313131315
Load/Network,0.13131313131313133
Latency,0.0
