Criterion,Weight
Elapsed Time,0.5480769230769231
Throughput,0.31730769230769235
Load/Network,0.13461538461538464
Latency,0.0
