Criterion,Weight
Elapsed Time,0.5277777777777778
Throughput,0.3240740740740741
Load/Network,0.14814814814814817
Latency,0.0
