Criterion,Weight
Elapsed Time,0.5294117647058825
Throughput,0.3235294117647059
Load/Network,0.14705882352941177
Latency,0.0
